City_ID,City,Country,Date,Lat,Lng,Max Temp,Humidity,Cloudiness,Wind Speed
0,Fortuna,US,2021-08-08 03:21:23,40.5982,-124.1573,75.18,67,90,1.01
1,Busselton,AU,2021-08-08 03:21:24,-33.65,115.3333,64.09,84,59,9.6
2,Sinnamary,GF,2021-08-08 03:21:24,5.3833,-52.95,77.09,87,92,7.31
3,Albany,US,2021-08-08 03:21:10,42.6001,-73.9662,72.3,91,100,2.73
4,Pevek,RU,2021-08-08 03:21:25,69.7008,170.3133,41.41,67,75,19.22
5,Cape Town,ZA,2021-08-08 03:21:26,-33.9258,18.4232,48.61,100,90,3.44
6,Mataura,NZ,2021-08-08 03:21:26,-46.1927,168.8643,36.48,94,97,3.15
7,Yellowknife,CA,2021-08-08 03:17:33,62.456,-114.3525,55.92,54,20,18.41
8,Kapaa,US,2021-08-08 03:21:26,22.0752,-159.319,84.18,67,20,1.99
9,Ushuaia,AR,2021-08-08 03:21:27,-54.8,-68.3,33.46,86,40,33.38
10,Vaini,TO,2021-08-08 03:21:27,-21.2,-175.2,73.56,78,40,11.5
11,Airai,TL,2021-08-08 03:21:28,-8.9266,125.4092,73.58,33,90,3.67
12,Hithadhoo,MV,2021-08-08 03:18:06,-0.6,73.0833,82.31,69,100,2.13
13,Upington,ZA,2021-08-08 03:21:28,-28.4478,21.2561,48.58,23,0,3.44
14,Butaritari,KI,2021-08-08 03:21:29,3.0707,172.7902,83.16,62,18,11.34
15,Northam,GB,2021-08-08 03:21:29,51.0333,-4.2167,58.66,95,98,20.54
16,Forbes,AU,2021-08-08 03:21:30,-33.3833,148.0167,60.31,56,5,4.92
17,Upernavik,GL,2021-08-08 03:21:30,72.7868,-56.1549,39.42,96,58,8.01
18,Faanui,PF,2021-08-08 03:21:31,-16.4833,-151.75,78.42,74,94,6.58
19,Ambilobe,MG,2021-08-08 03:21:31,-13.2,49.05,68.14,85,95,2.82
20,Tuktoyaktuk,CA,2021-08-08 03:21:31,69.4541,-133.0374,44.6,81,90,10.36
21,Port Alfred,ZA,2021-08-08 03:21:32,-33.5906,26.891,59.79,49,90,9.13
22,Mar Del Plata,AR,2021-08-08 03:21:32,-38.0023,-57.5575,48.22,81,0,9.22
23,Salalah,OM,2021-08-08 03:21:33,17.0151,54.0924,77.09,94,90,2.3
24,Waddan,LY,2021-08-08 03:21:33,29.1614,16.139,81.91,38,0,7.27
25,Avarua,CK,2021-08-08 03:21:34,-21.2078,-159.775,77.05,69,40,4.61
26,Lebu,CL,2021-08-08 03:21:35,-37.6167,-73.65,46.6,73,95,18.9
27,Hervey Bay,AU,2021-08-08 03:21:35,-25.2986,152.8535,73.51,53,0,8.84
28,Hilo,US,2021-08-08 03:19:09,19.7297,-155.09,80.33,73,75,8.05
29,Hamilton,US,2021-08-08 03:18:56,39.1834,-84.5333,76.77,75,1,0.0
30,Kahului,US,2021-08-08 03:16:41,20.8947,-156.47,82.42,65,1,19.57
31,Rikitea,PF,2021-08-08 03:21:36,-23.1203,-134.9692,74.46,76,4,14.12
32,Bredasdorp,ZA,2021-08-08 03:21:36,-34.5322,20.0403,49.32,93,93,3.44
33,San Lorenzo,PY,2021-08-08 03:21:37,-25.3333,-57.5333,76.14,47,0,9.22
34,San Marcos,US,2021-08-08 03:21:27,33.1434,-117.1661,75.79,80,1,1.01
35,Manono,CD,2021-08-08 03:21:37,-7.3,27.4167,69.93,32,84,4.85
36,Atuona,PF,2021-08-08 03:21:38,-9.8,-139.0333,77.79,80,22,14.23
37,Port Elizabeth,ZA,2021-08-08 03:21:38,-33.918,25.5701,44.89,93,0,2.3
38,Kruisfontein,ZA,2021-08-08 03:21:39,-34.0033,24.7314,56.41,30,98,8.1
39,Zavodskoy,RU,2021-08-08 03:21:39,43.4597,132.2922,81.99,61,40,6.71
40,Codrington,AU,2021-08-08 03:21:40,-38.2667,141.9667,57.22,60,100,7.23
41,Mahebourg,MU,2021-08-08 03:21:40,-20.4081,57.7,66.49,94,75,3.44
42,Samana,DO,2021-08-08 03:21:40,19.2056,-69.3369,77.86,87,9,7.31
43,Roebourne,AU,2021-08-08 03:21:41,-20.7833,117.1333,77.49,24,26,15.95
44,Jinchang,CN,2021-08-08 03:21:41,38.4953,102.1739,78.71,26,33,6.29
45,Sabla,NG,2021-08-08 03:21:42,12.7525,4.7077,78.13,81,100,13.67
46,Qaanaaq,GL,2021-08-08 03:21:42,77.484,-69.3632,40.44,85,98,0.4
47,Jamestown,US,2021-08-08 03:21:42,42.097,-79.2353,69.39,92,1,1.01
48,Castro,BR,2021-08-08 03:21:43,-24.7911,-50.0119,52.7,86,6,4.34
49,Souillac,MU,2021-08-08 03:21:43,-20.5167,57.5167,66.58,94,75,3.44
50,Tiksi,RU,2021-08-08 03:21:44,71.6872,128.8694,51.3,66,19,5.73
51,Vestmannaeyjar,IS,2021-08-08 03:21:44,63.4427,-20.2734,54.81,86,100,6.33
52,Comodoro Rivadavia,AR,2021-08-08 03:21:45,-45.8667,-67.5,44.46,42,0,17.27
53,Chuy,UY,2021-08-08 03:21:46,-33.6971,-53.4616,60.69,92,8,7.27
54,East London,ZA,2021-08-08 03:21:46,-33.0153,27.9116,47.34,93,0,5.75
55,Narsaq,GL,2021-08-08 03:21:46,60.9167,-46.05,48.42,98,100,8.9
56,Aktash,RU,2021-08-08 03:21:47,50.3,87.7333,56.05,53,5,1.61
57,Port Keats,AU,2021-08-08 03:21:27,-14.25,129.55,85.28,21,5,2.26
58,Punta Arenas,CL,2021-08-08 03:21:47,-53.15,-70.9167,35.71,80,0,17.27
59,Chokurdakh,RU,2021-08-08 03:21:48,70.6333,147.9167,69.39,27,11,10.71
60,Chumikan,RU,2021-08-08 03:21:48,54.7183,135.315,56.08,75,98,15.93
61,Georgetown,MY,2021-08-08 03:18:33,5.4112,100.3354,87.73,75,20,5.75
62,Bluff,NZ,2021-08-08 03:21:49,-46.6,168.3333,36.81,72,100,5.79
63,Port Hedland,AU,2021-08-08 03:19:19,-20.3167,118.5667,80.65,16,29,17.27
64,Edd,ER,2021-08-08 03:21:49,13.9297,41.6925,89.11,72,98,8.14
65,San Patricio,US,2021-08-08 03:21:50,28.017,-97.5169,85.89,74,0,15.21
66,Puerto Ayora,EC,2021-08-08 03:21:50,-0.7393,-90.3518,69.55,90,93,7.0
67,Guiratinga,BR,2021-08-08 03:21:51,-16.3494,-53.7583,68.77,46,0,4.97
68,Saint Anthony,US,2021-08-08 03:21:51,45.0205,-93.218,71.92,90,90,3.0
69,Buchanan,LR,2021-08-08 03:21:52,5.8808,-10.0467,75.81,81,74,7.11
70,Hobart,AU,2021-08-08 03:17:59,-42.8794,147.3294,53.26,54,0,3.0
71,Virginia Beach,US,2021-08-08 03:17:00,36.8529,-75.978,73.02,86,80,9.48
72,Arraial Do Cabo,BR,2021-08-08 03:21:53,-22.9661,-42.0278,67.5,81,48,21.68
73,Bahia Honda,CU,2021-08-08 03:21:53,22.9036,-83.1592,80.46,82,69,5.21
74,Nova Olimpia,BR,2021-08-08 03:21:54,-14.7972,-57.2881,74.91,40,0,3.47
75,Iqaluit,CA,2021-08-08 03:21:54,63.7506,-68.5145,44.33,87,75,5.75
76,Nikolskoye,RU,2021-08-08 03:21:55,59.7035,30.7861,65.01,99,77,3.87
77,Kichmengskiy Gorodok,RU,2021-08-08 03:21:55,59.9816,45.7854,56.44,65,100,6.08
78,Kenai,US,2021-08-08 03:21:56,60.5544,-151.2583,61.03,78,90,9.22
79,Luderitz,NA,2021-08-08 03:21:56,-26.6481,15.1594,58.42,56,10,7.25
80,New Norfolk,AU,2021-08-08 03:21:57,-42.7826,147.0587,52.92,37,41,3.15
81,Qaqortoq,GL,2021-08-08 03:21:57,60.7167,-46.0333,48.7,97,100,14.38
82,Saint-Philippe,RE,2021-08-08 03:21:57,-21.3585,55.7679,71.15,77,61,8.59
83,Svetogorsk,RU,2021-08-08 03:21:58,61.1121,28.8632,61.45,92,100,6.26
84,Moroni,KM,2021-08-08 03:21:58,-11.7022,43.2551,74.53,56,38,4.38
85,Bikaner,IN,2021-08-08 03:21:59,28.0167,73.3,92.26,43,84,13.98
86,Severo-Kurilsk,RU,2021-08-08 03:21:59,50.6789,156.125,57.72,68,7,7.87
87,Xambioa,BR,2021-08-08 03:22:00,-6.4111,-48.5364,79.57,41,78,2.06
88,Mindelo,CV,2021-08-08 03:22:00,16.8901,-24.9804,76.55,78,75,17.27
89,Vostok,RU,2021-08-08 03:22:00,46.4856,135.8833,54.25,97,100,6.38
90,Jumla,NP,2021-08-08 03:22:01,29.2747,82.1838,69.08,79,65,3.27
91,Tautira,PF,2021-08-08 03:22:01,-17.7333,-149.15,80.62,76,31,8.95
92,Henties Bay,NA,2021-08-08 03:22:02,-22.116,14.2845,51.85,79,0,5.57
93,Carballo,ES,2021-08-08 03:22:02,43.213,-8.691,59.86,93,58,2.26
94,Iquique,CL,2021-08-08 03:22:03,-20.2208,-70.1431,59.04,79,50,4.29
95,Ormara,PK,2021-08-08 03:22:03,25.2088,64.6357,80.85,76,98,5.48
96,Tucurui,BR,2021-08-08 03:22:03,-3.7661,-49.6725,75.16,58,5,2.1
97,Mount Isa,AU,2021-08-08 03:22:04,-20.7333,139.5,78.57,21,0,12.66
98,Laguna,US,2021-08-08 03:22:04,38.421,-121.4238,88.3,39,1,1.99
99,Provost,CA,2021-08-08 03:22:05,52.3501,-110.2683,72.05,59,94,15.99
100,Vila Franca Do Campo,PT,2021-08-08 03:22:06,37.7167,-25.4333,66.61,78,33,5.88
101,Los Llanos De Aridane,ES,2021-08-08 03:22:06,28.6585,-17.9182,69.55,91,90,5.75
102,Tuatapere,NZ,2021-08-08 03:22:07,-46.1333,167.6833,36.82,94,99,3.24
103,Stonehouse,GB,2021-08-08 03:22:08,51.75,-2.2833,60.49,85,97,15.05
104,Hermanus,ZA,2021-08-08 03:22:09,-34.4187,19.2345,47.89,65,71,2.8
105,Kyaikto,MM,2021-08-08 03:22:09,17.3,97.0167,84.07,77,73,5.23
106,Barrow,US,2021-08-08 03:22:09,71.2906,-156.7887,39.22,85,90,9.22
107,Jaque,PA,2021-08-08 03:22:10,7.5175,-78.1703,78.13,87,100,3.29
108,Cherskiy,RU,2021-08-08 03:22:10,68.75,161.3,65.5,36,53,6.62
109,Thompson,CA,2021-08-08 03:17:29,55.7435,-97.8558,68.16,68,90,3.44
110,Bar Harbor,US,2021-08-08 03:22:11,44.3876,-68.2039,70.34,94,75,4.61
111,Alamosa,US,2021-08-08 03:22:11,37.4695,-105.87,67.51,24,1,8.05
112,Wuwei,CN,2021-08-08 03:22:12,37.9281,102.6414,79.66,27,93,7.58
113,Riyadh,SA,2021-08-08 03:19:36,24.6877,46.7219,89.65,15,0,0.0
114,Olenegorsk,RU,2021-08-08 03:22:12,68.15,33.3,55.51,69,21,3.87
115,Sirjan,IR,2021-08-08 03:22:13,29.452,55.6814,80.56,26,42,2.95
116,Klaksvik,FO,2021-08-08 03:22:13,62.2266,-6.589,58.12,90,100,12.17
117,Mount Gambier,AU,2021-08-08 03:22:14,-37.8333,140.7667,57.61,51,100,4.72
118,Cabo San Lucas,MX,2021-08-08 03:22:14,22.8909,-109.9124,86.5,70,96,3.0
119,Biloela,AU,2021-08-08 03:22:15,-24.4167,150.5,72.05,21,0,7.07
120,Fort-Shevchenko,KZ,2021-08-08 03:22:15,44.5086,50.263,88.63,30,0,20.33
121,Yerbogachen,RU,2021-08-08 03:22:16,61.2767,108.0108,65.28,40,99,7.34
122,Liwale,TZ,2021-08-08 03:22:16,-9.7667,37.9333,60.84,97,4,1.95
123,Yar-Sale,RU,2021-08-08 03:22:17,66.8333,70.8333,64.33,67,69,14.5
124,Port Hardy,CA,2021-08-08 03:22:17,50.6996,-127.4199,59.18,88,75,9.22
125,Bandarbeyla,SO,2021-08-08 03:22:17,9.4942,50.8122,76.71,72,21,24.94
126,Shemonaikha,KZ,2021-08-08 03:22:18,50.6328,81.9056,75.69,40,30,3.78
127,Ponta Do Sol,PT,2021-08-08 03:22:18,32.6667,-17.1,74.01,88,64,4.83
128,Celinac,BA,2021-08-08 03:22:19,44.7228,17.3278,61.47,58,0,5.41
129,Walvis Bay,NA,2021-08-08 03:22:19,-22.9575,14.5053,52.09,87,0,2.3
130,Baruun-Urt,MN,2021-08-08 03:22:19,46.6806,113.2792,70.12,53,100,11.9
131,Half Moon Bay,US,2021-08-08 03:22:20,37.4636,-122.4286,77.11,82,1,0.0
132,Pathein,MM,2021-08-08 03:22:20,16.7833,94.7333,85.62,72,23,7.47
133,Murmashi,RU,2021-08-08 03:22:21,68.8154,32.8115,52.21,93,0,4.47
134,Salinopolis,BR,2021-08-08 03:22:21,-0.6136,-47.3561,78.44,84,45,8.1
135,Gamba,GA,2021-08-08 03:22:21,-2.65,10.0,72.63,85,100,5.88
136,Lavrentiya,RU,2021-08-08 03:22:22,65.5833,-171.0,47.34,73,85,18.95
137,Ust-Kulom,RU,2021-08-08 03:22:22,61.6864,53.6902,50.88,78,9,7.45
138,Saint George,US,2021-08-08 03:22:23,37.1041,-113.5841,92.62,11,1,3.44
139,Normandin,CA,2021-08-08 03:22:23,48.8333,-72.5321,53.91,82,8,5.75
140,Sandeid,NO,2021-08-08 03:22:23,59.5449,5.8636,58.95,74,87,4.88
141,Mocajuba,BR,2021-08-08 03:22:24,-2.5842,-49.5072,72.7,76,10,3.13
142,Santa Vitoria Do Palmar,BR,2021-08-08 03:22:24,-33.5189,-53.3681,60.91,91,7,6.8
143,Esperance,AU,2021-08-08 03:22:25,-33.8667,121.9,59.04,69,99,16.42
144,Trelew,AR,2021-08-08 03:17:40,-43.249,-65.3051,47.07,46,23,12.97
145,Touros,BR,2021-08-08 03:22:25,-5.1989,-35.4608,72.5,85,26,16.53
146,Ginir,ET,2021-08-08 03:22:26,7.1333,40.7,56.88,77,23,4.81
147,Ust-Uda,RU,2021-08-08 03:22:26,54.1742,103.0304,74.37,32,2,7.74
148,Antofagasta,CL,2021-08-08 03:22:27,-23.65,-70.4,56.48,82,58,4.29
149,Camacha,PT,2021-08-08 03:22:27,33.0833,-16.3333,70.54,83,40,8.05
150,Santa Rosa,PH,2021-08-08 03:17:29,14.3122,121.1114,91.09,59,99,6.82
151,Sao Filipe,CV,2021-08-08 03:22:28,14.8961,-24.4956,77.99,85,70,9.6
152,Moose Factory,CA,2021-08-08 03:22:28,51.2585,-80.6094,53.6,76,1,4.61
153,Mogadishu,SO,2021-08-08 03:17:35,2.0371,45.3438,75.83,85,78,15.86
154,Mgandu,TZ,2021-08-08 03:22:29,-5.95,34.1333,56.98,77,41,7.52
155,Nanortalik,GL,2021-08-08 03:22:29,60.1432,-45.2371,43.9,97,100,15.35
156,Pacasmayo,PE,2021-08-08 03:22:30,-7.4006,-79.5714,63.48,84,66,13.18
157,Bonavista,CA,2021-08-08 03:22:30,48.6499,-53.1147,65.12,85,91,19.28
158,Grindavik,IS,2021-08-08 03:22:31,63.8424,-22.4338,52.27,93,0,5.75
159,Kadambur,IN,2021-08-08 03:22:31,8.9833,77.8667,87.04,61,66,12.46
160,Sabang,ID,2021-08-08 03:22:31,5.8933,95.3214,82.9,76,68,9.08
161,Lagoa,PT,2021-08-08 03:22:32,39.05,-27.9833,68.88,66,88,9.44
162,Teshie,GH,2021-08-08 03:22:32,5.5836,-0.1072,77.56,83,20,16.11
163,Eyl,SO,2021-08-08 03:22:33,7.9803,49.8164,76.17,74,75,22.35
164,Puerto Del Rosario,ES,2021-08-08 03:22:33,28.5004,-13.8627,73.15,78,2,17.27
165,Kodiak,US,2021-08-08 03:22:34,57.79,-152.4072,54.91,94,90,17.27
166,Sakaiminato,JP,2021-08-08 03:22:34,35.55,133.2333,84.13,78,75,10.36
167,Abu Dhabi,AE,2021-08-08 03:19:18,24.4667,54.3667,91.51,66,0,3.44
168,Carnarvon,AU,2021-08-08 03:22:35,-24.8667,113.6333,75.27,73,0,8.05
169,Ratangarh,IN,2021-08-08 03:22:35,28.0833,74.6,89.62,50,73,9.66
170,Grandola,PT,2021-08-08 03:22:36,38.1772,-8.5668,60.35,94,0,6.98
171,Ambulu,ID,2021-08-08 03:22:37,-8.345,113.6058,85.75,61,4,4.41
172,Wloclawek,PL,2021-08-08 03:22:38,52.6482,19.0678,59.34,87,100,3.56
173,Zhigalovo,RU,2021-08-08 03:22:38,54.8097,105.1578,72.54,36,1,4.63
174,Tasiilaq,GL,2021-08-08 03:22:39,65.6145,-37.6368,44.76,97,100,11.3
175,Maarianhamina,AX,2021-08-08 03:22:39,60.0973,19.9348,58.86,100,90,8.05
176,Baykit,RU,2021-08-08 03:22:40,61.67,96.37,71.28,38,61,3.85
177,Tual,ID,2021-08-08 03:22:40,-5.6667,132.75,80.6,79,97,21.9
178,Grootfontein,NA,2021-08-08 03:22:41,-19.5667,18.1167,44.17,57,0,3.44
179,Kodinsk,RU,2021-08-08 03:22:41,58.6881,99.1844,74.28,38,60,3.91
180,Taonan,CN,2021-08-08 03:22:41,45.3333,122.7833,84.33,50,20,6.26
181,Vao,NC,2021-08-08 03:22:42,-22.6667,167.4833,67.59,65,97,6.69
182,Lorengau,PG,2021-08-08 03:22:42,-2.0226,147.2712,83.52,73,83,8.86
183,Qasigiannguit,GL,2021-08-08 03:22:43,68.8193,-51.1922,43.05,89,100,2.42
184,Longyearbyen,SJ,2021-08-08 03:22:43,78.2186,15.6401,43.43,91,99,5.28
185,Katsuura,JP,2021-08-08 03:22:43,35.1333,140.3,78.91,95,100,33.53
186,Saskylakh,RU,2021-08-08 03:22:44,71.9167,114.0833,68.63,40,98,13.78
187,Conceicao Da Barra,BR,2021-08-08 03:22:44,-18.5933,-39.7322,67.66,77,100,6.62
188,Demirci,TR,2021-08-08 03:22:45,39.0461,28.6589,56.07,85,0,6.8
189,Boyabat,TR,2021-08-08 03:22:45,41.4689,34.7667,65.75,86,100,2.64
190,Husavik,IS,2021-08-08 03:22:46,66.0449,-17.3389,51.71,83,69,2.17
191,Safaga,EG,2021-08-08 03:22:46,26.7292,33.9365,85.69,57,0,14.29
192,Makamba,BI,2021-08-08 03:22:46,-4.1348,29.804,66.34,58,99,1.52
193,Tingi,TZ,2021-08-08 03:22:47,-11.3,35.0333,57.78,58,12,1.34
194,Komsomolskiy,UZ,2021-08-08 03:22:47,40.4272,71.7189,88.52,25,67,0.0
195,Torbay,CA,2021-08-08 03:22:48,47.6666,-52.7314,67.68,93,75,17.27
196,Yazoo City,US,2021-08-08 03:22:48,32.8551,-90.4056,79.5,71,3,4.25
197,Magdagachi,RU,2021-08-08 03:22:49,53.45,125.8,53.35,96,100,9.04
198,Dikson,RU,2021-08-08 03:22:49,73.5069,80.5464,46.67,75,5,7.99
199,Gadwal,IN,2021-08-08 03:22:50,16.2333,77.8,82.67,64,55,12.88
200,Singaraja,ID,2021-08-08 03:22:50,-8.112,115.0882,85.15,66,69,3.42
201,Togur,RU,2021-08-08 03:22:50,58.3631,82.8265,69.55,73,44,2.04
202,Putai,FR,2021-08-08 03:22:51,46.6579,1.9863,54.68,96,21,8.66
203,Irituia,BR,2021-08-08 03:22:51,-1.7711,-47.4381,71.67,94,67,2.77
204,Srednekolymsk,RU,2021-08-08 03:22:52,67.45,153.6833,66.25,45,0,4.92
205,Cidreira,BR,2021-08-08 03:22:52,-30.1811,-50.2056,60.06,91,0,9.75
206,Caravelas,BR,2021-08-08 03:22:52,-17.7125,-39.2481,67.6,81,91,6.96
207,Balugaon,IN,2021-08-08 03:22:53,20.1667,85.1,86.58,69,100,3.24
208,Vila Velha,BR,2021-08-08 03:22:53,-20.3297,-40.2925,64.35,94,75,4.61
209,Alice Springs,AU,2021-08-08 03:22:54,-23.7,133.8833,63.95,24,0,10.36
210,Yongzhou,CN,2021-08-08 03:22:54,26.4559,111.5988,91.87,61,100,3.09
211,Kannauj,IN,2021-08-08 03:22:55,27.0546,79.922,86.76,69,68,9.04
212,Duluth,US,2021-08-08 03:22:55,46.7833,-92.1066,62.29,93,90,1.01
213,Naze,JP,2021-08-08 03:22:55,28.3667,129.4833,77.92,91,100,33.78
214,Saint-Augustin,CA,2021-08-08 03:22:56,51.226,-58.6502,59.97,91,100,14.03
215,North Myrtle Beach,US,2021-08-08 03:21:31,33.816,-78.68,81.01,90,1,0.0
216,Bukama,CD,2021-08-08 03:22:57,-9.2,25.85,67.48,33,76,3.33
217,Shar,KZ,2021-08-08 03:22:57,49.5886,81.0453,77.4,31,32,5.12
218,Daru,PG,2021-08-08 03:22:57,-9.0763,143.2092,78.51,81,98,15.03
219,Dudinka,RU,2021-08-08 03:22:58,69.4058,86.1778,67.95,38,10,15.88
220,Andreapol,RU,2021-08-08 03:22:58,56.6513,32.2664,53.33,99,23,4.76
221,Bengkulu,ID,2021-08-08 03:22:59,-3.8004,102.2655,84.11,69,9,2.21
222,Apple Valley,US,2021-08-08 03:19:02,34.5008,-117.1859,88.21,21,0,1.01
223,Fare,PF,2021-08-08 03:22:59,-16.7,-151.0167,78.67,77,97,7.83
224,Kendari,ID,2021-08-08 03:23:00,-3.945,122.4989,83.52,68,83,6.13
225,Brae,GB,2021-08-08 03:23:00,60.3964,-1.353,57.11,90,95,14.7
226,Bethel,US,2021-08-08 03:23:01,41.3712,-73.414,74.68,84,1,0.0
227,Aripuana,BR,2021-08-08 03:20:52,-9.1667,-60.6333,73.04,44,2,2.55
228,Chulman,RU,2021-08-08 03:23:01,56.8479,124.9104,60.94,72,90,10.96
229,San Vicente,AR,2021-08-08 03:23:02,-26.6167,-54.1333,59.85,65,0,3.04
230,Karratha,AU,2021-08-08 03:23:02,-20.7377,116.8463,78.46,25,15,16.58
231,Biak,ID,2021-08-08 03:23:02,-0.9131,122.8766,81.97,71,66,6.82
232,Dingle,PH,2021-08-08 03:23:03,10.9995,122.6711,86.49,66,100,10.67
233,Sur,OM,2021-08-08 03:23:03,22.5667,59.5289,89.49,55,34,4.45
234,Khatanga,RU,2021-08-08 03:23:04,71.9667,102.5,62.87,49,56,11.95
235,Ankang,CN,2021-08-08 03:23:04,32.68,109.0172,71.65,97,100,3.31
236,Olafsvik,IS,2021-08-08 03:23:04,64.8945,-23.7142,54.1,80,12,3.62
237,Kavieng,PG,2021-08-08 03:23:05,-2.5744,150.7967,83.86,72,80,11.77
238,Isangel,VU,2021-08-08 03:23:05,-19.55,169.2667,78.91,65,90,2.3
239,Nizhniy Tsasuchey,RU,2021-08-08 03:23:06,50.5167,115.1333,73.24,53,87,9.69
240,Hay River,CA,2021-08-08 03:23:06,60.8156,-115.7999,55.38,88,75,8.05
241,Ahipara,NZ,2021-08-08 03:23:07,-35.1667,173.1667,58.87,78,68,21.0
242,Jauja,PE,2021-08-08 03:23:08,-11.7758,-75.4966,44.92,80,11,4.54
243,Durango,MX,2021-08-08 03:18:40,24.8333,-104.8333,69.26,63,100,4.7
244,Tailai,CN,2021-08-08 03:23:09,46.3833,123.4,82.35,57,22,4.74
245,Dessalines,HT,2021-08-08 03:23:10,19.2833,-72.5,75.4,82,2,5.12
246,Saint-Pierre,RE,2021-08-08 03:23:10,-21.3393,55.4781,71.24,63,0,6.91
247,Takoradi,GH,2021-08-08 03:23:10,4.8845,-1.7554,75.07,91,59,10.27
248,Kourou,GF,2021-08-08 03:23:11,5.1552,-52.6478,81.1,91,42,6.2
249,Ilulissat,GL,2021-08-08 03:23:12,69.2167,-51.1,42.82,75,96,0.0
250,Anadyr,RU,2021-08-08 03:23:12,64.75,177.4833,52.3,71,40,6.71
251,Sortavala,RU,2021-08-08 03:23:13,61.7053,30.6918,60.84,98,100,10.74
252,Wattegama,LK,2021-08-08 03:23:13,6.7989,81.4808,82.0,69,96,6.2
253,Pacific Grove,US,2021-08-08 03:23:13,36.6177,-121.9166,69.15,90,90,1.99
254,Kavaratti,IN,2021-08-08 03:23:14,10.5669,72.642,81.19,79,100,18.84
255,Guerrero Negro,MX,2021-08-08 03:19:58,27.9769,-114.0611,71.44,83,12,15.37
256,Flinders,AU,2021-08-08 03:23:15,-34.5833,150.8552,62.19,61,72,4.0
257,Bastia,FR,2021-08-08 03:23:15,42.6667,9.3333,73.29,82,0,3.44
258,Daura,NG,2021-08-08 03:23:15,11.5538,11.4085,70.21,92,100,10.65
259,Leua,SK,2021-08-08 03:23:16,48.2156,18.6071,68.5,83,59,5.14
260,Businga,CD,2021-08-08 03:23:16,3.3333,20.8833,68.49,99,97,1.72
261,Road Town,VG,2021-08-08 03:18:21,18.4167,-64.6167,81.19,78,3,18.57
262,Tura,IN,2021-08-08 03:23:17,25.5198,90.2201,75.06,98,100,4.76
263,Silos,CO,2021-08-08 03:23:17,7.2052,-72.7564,48.36,95,96,3.71
264,Mandalgovi,MN,2021-08-08 03:23:18,45.7625,106.2708,62.74,54,99,14.63
265,Sao Jose Da Coroa Grande,BR,2021-08-08 03:23:18,-8.8978,-35.1478,73.71,74,91,15.19
266,Yumen,CN,2021-08-08 03:23:19,40.2833,97.2,79.57,17,8,6.2
267,Senanga,ZM,2021-08-08 03:23:19,-16.1167,23.2667,54.23,36,0,5.44
268,Cayenne,GF,2021-08-08 03:23:19,4.9333,-52.3333,81.09,83,20,1.01
269,Bathsheba,BB,2021-08-08 03:23:20,13.2167,-59.5167,79.41,89,75,13.8
270,Plettenberg Bay,ZA,2021-08-08 03:23:20,-34.0527,23.3716,58.33,45,86,5.75
271,Killybegs,IE,2021-08-08 03:23:21,54.6333,-8.45,56.44,92,99,20.24
272,Ucluelet,CA,2021-08-08 03:21:23,48.9329,-125.5528,63.05,87,11,14.05
273,Gladstone,AU,2021-08-08 03:19:12,-23.85,151.25,75.13,29,0,10.36
274,Jasper,US,2021-08-08 03:23:22,37.2001,-94.3502,82.02,71,1,1.01
275,Mubi,NG,2021-08-08 03:23:22,10.2676,13.2644,68.92,95,100,2.82
276,Emet,TR,2021-08-08 03:23:22,39.343,29.2585,55.17,93,0,3.0
277,Abilene,US,2021-08-08 03:23:23,32.4487,-99.7331,88.29,43,1,1.99
278,Barmstedt,DE,2021-08-08 03:23:24,53.7833,9.7667,59.43,93,75,4.0
279,Novoorsk,RU,2021-08-08 03:23:24,51.381,58.9813,65.05,43,43,8.48
280,Nome,US,2021-08-08 03:23:25,64.5011,-165.4064,51.17,76,90,4.61
281,Verkhoyansk,RU,2021-08-08 03:23:25,67.5447,133.385,80.35,26,7,6.69
282,Gat,IL,2021-08-08 03:23:25,31.61,34.7642,79.92,100,21,6.96
283,Mpraeso,GH,2021-08-08 03:23:26,6.5932,-0.7346,67.21,97,82,3.42
284,Sredneuralsk,RU,2021-08-08 03:23:26,56.9892,60.4666,56.55,74,72,8.72
285,Talnakh,RU,2021-08-08 03:23:27,69.4865,88.3972,71.98,27,8,3.24
286,Buraydah,SA,2021-08-08 03:23:27,26.326,43.975,81.05,15,7,7.96
287,Nadym,RU,2021-08-08 03:23:27,65.5333,72.5167,70.14,55,37,9.26
288,Kulhudhuffushi,MV,2021-08-08 03:23:28,6.6221,73.07,81.86,77,100,18.81
289,Grand Gaube,MU,2021-08-08 03:23:28,-20.0064,57.6608,66.6,89,67,3.0
290,Kirundo,BI,2021-08-08 03:23:29,-2.5833,30.1667,68.77,71,62,2.51
291,Gaspe,CA,2021-08-08 03:20:01,48.8334,-64.4819,68.14,72,20,6.91
292,Constitucion,CL,2021-08-08 03:23:29,-35.3333,-72.4167,47.8,67,100,5.01
293,Oxapampa,PE,2021-08-08 03:23:30,-10.5775,-75.4017,58.57,88,62,2.24
294,Namatanai,PG,2021-08-08 03:23:11,-3.6667,152.4333,82.81,71,50,5.73
295,Pimentel,PE,2021-08-08 03:23:30,-6.8367,-79.9342,64.0,82,89,4.0
296,Nuuk,GL,2021-08-08 03:23:31,64.1835,-51.7216,43.41,93,75,5.75
297,La Asuncion,VE,2021-08-08 03:23:31,11.0333,-63.8628,89.33,62,32,3.44
298,Zhanakorgan,KZ,2021-08-08 03:23:32,43.9098,67.2495,90.57,19,4,1.01
299,Zolotukhino,RU,2021-08-08 03:23:32,52.0842,36.3772,66.27,90,99,6.69
300,Praya,CV,2021-08-08 03:23:33,14.9215,-23.5087,79.34,89,75,8.05
301,Severo-Yeniseyskiy,RU,2021-08-08 03:23:33,60.3725,93.0408,72.68,42,83,3.89
302,Hobyo,SO,2021-08-08 03:23:33,5.3505,48.5268,75.36,83,95,19.64
303,Radnevo,BG,2021-08-08 03:23:34,42.3,25.9333,59.47,68,0,1.92
304,Lardos,GR,2021-08-08 03:23:34,36.0942,28.0157,80.42,61,0,9.44
305,College,US,2021-08-08 03:23:35,64.8569,-147.8028,62.55,79,75,5.75
306,Port Lincoln,AU,2021-08-08 03:23:35,-34.7333,135.8667,60.75,57,24,9.62
307,Atambua,ID,2021-08-08 03:23:36,-9.1061,124.8925,82.53,42,91,1.7
308,Kaitangata,NZ,2021-08-08 03:23:36,-46.2817,169.8464,44.38,54,96,7.94
309,Rawson,AR,2021-08-08 03:23:37,-43.3002,-65.1023,47.66,49,12,13.98
310,Mumford,GH,2021-08-08 03:23:37,5.2618,-0.759,74.53,93,77,12.39
311,Muli,MV,2021-08-08 03:21:14,2.9167,73.5667,80.29,80,100,8.05
312,Buta,CD,2021-08-08 03:23:38,2.7858,24.73,67.39,100,94,0.67
313,Goundam,ML,2021-08-08 03:23:38,16.4145,-3.6708,84.49,61,100,11.5
314,Key West,US,2021-08-08 03:19:40,24.5557,-81.7826,87.8,70,75,4.61
315,Arman,RU,2021-08-08 03:23:39,59.7,150.1667,61.75,65,69,7.2
316,Bolivar,US,2021-08-08 03:23:39,37.6145,-93.4105,80.1,77,3,9.95
317,Tilichiki,RU,2021-08-08 03:23:40,60.4667,166.1,58.3,47,37,11.56
318,Fukue,JP,2021-08-08 03:23:40,32.6881,128.8419,75.56,100,75,8.05
319,Hasaki,JP,2021-08-08 03:23:40,35.7333,140.8333,79.09,96,100,28.32
320,Houston,US,2021-08-08 03:20:36,29.7633,-95.3633,85.39,78,1,3.0
321,Cape Coast,GH,2021-08-08 03:23:41,5.1053,-1.2466,74.55,93,87,11.16
322,Cooma,AU,2021-08-08 03:23:41,-36.2333,149.1333,52.86,45,8,4.59
323,Opuwo,NA,2021-08-08 03:21:18,-18.0607,13.84,59.0,29,0,2.39
324,Te Anau,NZ,2021-08-08 03:23:42,-45.4167,167.7167,37.74,94,95,5.53
325,Ribeira Grande,PT,2021-08-08 03:23:42,38.5167,-28.7,69.44,72,68,9.91
326,Berlevag,NO,2021-08-08 03:23:43,70.8578,29.0864,59.47,65,35,13.22
327,Lesnoy,RU,2021-08-08 03:23:43,57.6198,63.0784,54.54,98,100,10.63
328,Tromso,NO,2021-08-08 03:23:44,69.6496,18.957,50.02,93,0,0.0
329,Haines Junction,CA,2021-08-08 03:23:44,60.7522,-137.5108,67.95,56,78,9.22
330,Kukushtan,RU,2021-08-08 03:23:45,57.6464,56.4952,55.02,73,1,9.6
331,Ferme-Neuve,CA,2021-08-08 03:23:45,46.7001,-75.4493,56.98,92,29,2.75
332,Punta Alta,AR,2021-08-08 03:23:46,-38.8759,-62.0736,45.61,70,43,5.95
333,Poum,NC,2021-08-08 03:23:46,-20.2333,164.0167,70.66,71,100,11.7
334,Cocobeach,GA,2021-08-08 03:23:46,1.0002,9.5823,76.93,91,100,11.92
335,Akdepe,TM,2021-08-08 03:23:47,42.0551,59.3788,84.29,22,0,6.98
336,Aksarka,RU,2021-08-08 03:23:47,66.5606,67.7975,59.38,70,88,15.86
337,Sao Joao Da Barra,BR,2021-08-08 03:23:48,-21.6403,-41.0511,67.35,80,55,11.25
338,Noumea,NC,2021-08-08 03:22:48,-22.2763,166.4572,73.38,67,91,9.28
339,Adeje,ES,2021-08-08 03:23:48,28.1227,-16.726,70.21,81,20,1.99
340,Aklavik,CA,2021-08-08 03:23:49,68.2191,-135.0107,50.83,60,99,3.69
341,Sungairaya,ID,2021-08-08 03:23:49,0.7,108.9,87.93,65,51,5.21
342,Nichinan,JP,2021-08-08 03:23:50,31.6,131.3667,83.88,91,100,5.32
343,Uglekamensk,RU,2021-08-08 03:23:50,43.2172,133.2303,88.63,41,8,1.74
344,Tongchuan,CN,2021-08-08 03:23:50,35.0806,109.0897,83.73,42,67,7.05
345,Yeppoon,AU,2021-08-08 03:23:51,-23.1333,150.7333,74.98,46,0,9.71
346,Mahibadhoo,MV,2021-08-08 03:23:51,3.7833,72.9667,81.59,76,100,10.2
347,Rosetta,EG,2021-08-08 03:23:52,31.4044,30.4164,79.86,67,0,13.04
348,Selma,US,2021-08-08 03:23:52,36.5708,-119.6121,93.25,32,1,4.61
349,Susanville,US,2021-08-08 03:23:53,40.4163,-120.653,82.24,19,75,5.99
350,Alihe,CN,2021-08-08 03:23:53,50.5667,123.7167,76.55,60,48,8.5
351,Malibu,US,2021-08-08 03:23:54,34.005,-118.8101,81.09,87,34,1.01
352,Orlik,RU,2021-08-08 03:23:54,52.5178,99.825,60.98,54,26,1.23
353,Baherden,TM,2021-08-08 03:23:55,38.4362,57.4316,94.06,14,0,3.58
354,Necochea,AR,2021-08-08 03:23:55,-38.5473,-58.7368,46.74,72,69,8.14
355,Ikot Ekpene,NG,2021-08-08 03:23:56,5.1794,7.7108,72.25,95,100,3.36
356,Zhigansk,RU,2021-08-08 03:19:45,66.7697,123.3711,70.23,34,60,23.31
357,Capao Da Canoa,BR,2021-08-08 03:19:15,-29.7456,-50.0097,60.44,87,0,5.75
358,Praia,CV,2021-08-08 03:23:56,14.9215,-23.5087,79.34,89,75,8.05
359,Green Valley,US,2021-08-08 03:23:57,31.8543,-110.9937,92.43,51,54,1.01
360,Chapais,CA,2021-08-08 03:23:57,49.7834,-74.8492,49.78,69,9,3.42
361,Baependi,BR,2021-08-08 03:23:58,-21.9589,-44.89,51.57,79,1,3.47
362,Honiara,SB,2021-08-08 03:23:45,-9.4333,159.95,81.72,79,62,3.02
363,Gavle,SE,2021-08-08 03:23:58,60.6745,17.1417,59.95,97,96,8.66
364,Sindor,RU,2021-08-08 03:23:59,62.8629,51.8905,49.96,76,2,6.06
365,Fukuma,JP,2021-08-08 03:23:59,33.7667,130.4667,89.6,80,100,5.59
366,Natal,BR,2021-08-08 03:24:00,-5.795,-35.2094,72.25,94,90,12.66
367,Mackay,AU,2021-08-08 03:24:00,-21.15,149.2,68.43,66,0,16.67
368,San Luis,AR,2021-08-08 03:20:48,-33.295,-66.3356,53.28,49,21,17.56
369,Kitimat,CA,2021-08-08 03:24:01,54.0524,-128.6534,66.58,81,100,2.98
370,Keetmanshoop,NA,2021-08-08 03:24:01,-26.5833,18.1333,59.92,12,0,8.05
371,Baghdad,IQ,2021-08-08 03:24:02,33.3406,44.4009,87.71,30,2,2.3
372,Ugoofaaru,MV,2021-08-08 03:24:02,5.6667,73.0,82.72,75,100,15.28
373,Tazovskiy,RU,2021-08-08 03:24:02,67.4667,78.7,63.32,64,37,6.06
374,Bumba,CD,2021-08-08 03:24:03,2.1833,22.4667,67.82,96,100,1.99
375,Burnie,AU,2021-08-08 03:24:03,-41.0667,145.9167,48.72,80,98,7.38
376,East Wenatchee Bench,US,2021-08-08 03:24:04,47.4257,-120.2812,79.79,31,90,9.22
377,Spanish Fork,US,2021-08-08 03:22:36,40.115,-111.6549,76.62,41,1,9.22
378,Farah,AF,2021-08-08 03:24:04,32.5,62.5,85.03,14,0,5.37
379,Namibe,AO,2021-08-08 03:24:05,-15.1961,12.1522,67.1,91,4,4.94
380,Victoria,HK,2021-08-08 03:24:05,22.2855,114.1577,88.97,86,100,1.99
381,Crotone,IT,2021-08-08 03:24:06,39.0851,17.1178,74.93,62,0,7.52
382,Beihai,CN,2021-08-08 03:24:06,21.4833,109.1,86.49,82,100,15.84
383,Sokur,RU,2021-08-08 03:24:07,55.2093,83.319,68.99,83,12,4.29
384,Khanpur,PK,2021-08-08 03:24:07,28.6453,70.6567,93.24,44,1,16.62
385,Ulyanovka,RU,2021-08-08 03:24:08,59.6394,30.7647,64.9,99,71,3.83
386,Bunia,CD,2021-08-08 03:24:08,1.5667,30.25,61.23,97,96,2.15
387,Kieta,PG,2021-08-08 03:24:09,-6.2167,155.6333,79.16,83,100,0.49
388,Camp Verde,US,2021-08-08 03:24:09,34.5636,-111.8543,92.14,31,1,8.37
389,Union,US,2021-08-08 03:24:10,40.6334,-74.2663,78.19,77,1,0.0
390,Montepuez,MZ,2021-08-08 03:24:10,-13.1256,38.9997,61.09,94,0,5.64
391,Capao Bonito,BR,2021-08-08 03:24:11,-24.0058,-48.3494,56.07,98,67,4.21
392,Wanning,CN,2021-08-08 03:24:11,18.8003,110.3967,89.67,64,100,11.72
393,Caraquet,CA,2021-08-08 03:24:12,47.7941,-64.9386,70.34,97,100,7.38
394,Hambantota,LK,2021-08-08 03:24:12,6.1241,81.1185,81.61,75,100,21.18
395,Bambous Virieux,MU,2021-08-08 03:24:13,-20.3428,57.7575,67.21,94,75,3.44
396,Turrialba,CR,2021-08-08 03:24:13,9.9047,-83.6835,73.36,97,100,2.06
397,Mrakovo,RU,2021-08-08 03:24:13,52.7161,56.6244,63.97,55,70,3.98
398,Emba,KZ,2021-08-08 03:24:14,48.8264,58.1442,77.07,21,6,4.03
399,Jiazi,CN,2021-08-08 03:24:15,22.8779,116.067,85.82,79,95,11.7
400,Tchibanga,GA,2021-08-08 03:24:15,-2.85,11.0333,69.57,88,96,2.59
401,Lata,PT,2021-08-08 03:24:15,40.1629,-8.3327,59.81,98,25,2.48
402,Mecca,SA,2021-08-08 03:24:16,21.4267,39.8261,87.69,45,22,5.19
403,Nantucket,US,2021-08-08 03:24:16,41.2835,-70.0995,76.08,88,1,9.22
404,Balakhninskiy,RU,2021-08-08 03:24:17,58.0106,114.2769,60.64,90,100,2.24
405,Svetlyy,RU,2021-08-08 03:24:17,54.675,20.1347,59.05,81,94,8.59
406,Kiunga,PG,2021-08-08 03:24:18,-6.1219,141.2906,81.23,73,100,5.03
407,Boden,SE,2021-08-08 03:24:18,65.8252,21.6886,59.0,78,0,7.07
408,Mikuni,JP,2021-08-08 03:24:19,36.2171,136.1519,89.51,74,49,11.9
409,Rovnoye,RU,2021-08-08 03:24:19,50.7765,46.0509,71.04,46,45,5.23
410,Two Rivers,US,2021-08-08 03:24:20,44.1539,-87.5693,71.87,98,90,1.99
411,Marawi,PH,2021-08-08 03:24:20,7.9986,124.2928,74.64,58,99,2.01
412,Owando,CG,2021-08-08 03:24:21,-0.4819,15.8999,71.4,91,100,2.91
413,Kushima,JP,2021-08-08 03:24:21,31.4583,131.2333,84.24,94,100,7.34
414,Magnitka,RU,2021-08-08 03:24:22,55.3475,59.6961,54.01,78,5,9.19
415,Cotonou,BJ,2021-08-08 03:24:22,6.3654,2.4183,76.98,88,20,12.66
416,Antalaha,MG,2021-08-08 03:24:23,-14.9003,50.2788,64.53,90,28,5.88
417,Balkhash,KZ,2021-08-08 03:24:23,46.844,74.9804,77.61,41,20,8.95
418,Itarema,BR,2021-08-08 03:24:24,-2.9248,-39.9167,79.41,72,81,14.32
419,Ulladulla,AU,2021-08-08 03:24:24,-35.35,150.4667,59.09,47,42,7.56
420,Coahuayana,MX,2021-08-08 03:24:25,18.7333,-103.6833,78.82,91,100,3.71
421,Tokur,RU,2021-08-08 03:24:25,53.1333,132.9,53.76,56,100,7.43
422,Russell,US,2021-08-08 03:24:25,32.3502,-85.1999,78.51,81,90,0.0
423,Belmonte,BR,2021-08-08 03:24:26,-15.8631,-38.8828,72.1,88,71,9.78
424,Ust-Maya,RU,2021-08-08 03:24:26,60.4167,134.5333,72.68,25,1,10.74
425,Bubaque,GW,2021-08-08 03:24:27,11.2833,-15.8333,79.0,77,91,11.65
426,Ternate,ID,2021-08-08 03:24:27,0.8,127.4,80.58,78,100,6.6
427,Hasanabad,IR,2021-08-08 03:24:27,36.5465,61.0543,84.42,28,0,4.61
428,Coihaique,CL,2021-08-08 03:24:28,-45.5752,-72.0662,39.15,75,0,2.3
429,San Quintin,MX,2021-08-08 03:24:28,30.4833,-115.95,67.26,84,14,7.31
430,Espanola,US,2021-08-08 03:23:26,35.9911,-106.0806,80.24,18,1,5.41
431,Nouadhibou,MR,2021-08-08 03:24:29,20.931,-17.0347,69.78,94,0,11.5
432,Sabzevar,IR,2021-08-08 03:24:29,36.2126,57.6819,76.28,33,0,11.5
433,Rodbyhavn,DK,2021-08-08 03:24:30,54.6544,11.352,60.15,85,36,13.87
434,Archidona,ES,2021-08-08 03:24:30,37.0965,-4.3887,72.16,61,0,5.21
435,Nieuw Amsterdam,SR,2021-08-08 03:24:31,5.8833,-55.0833,77.02,91,100,4.05
436,Pisco,PE,2021-08-08 03:24:31,-13.7,-76.2167,60.85,82,90,5.75
437,Provideniya,RU,2021-08-08 03:24:32,64.3833,-173.3,47.62,76,100,9.22
438,Clyde River,CA,2021-08-08 03:24:32,70.4692,-68.5914,37.63,100,90,3.44
439,Xuddur,SO,2021-08-08 03:24:32,4.1213,43.8894,68.52,76,88,13.56
440,Chernyshevskiy,RU,2021-08-08 03:24:33,63.0128,112.4714,69.93,49,63,2.21
441,Sukaraja,ID,2021-08-08 03:24:33,-7.4519,108.1944,86.07,62,18,3.96
442,Karasburg,NA,2021-08-08 03:24:34,-28.0167,18.75,61.05,15,10,11.16
443,Sitka,US,2021-08-08 03:24:34,57.0531,-135.33,62.49,77,90,10.36
444,Viedma,AR,2021-08-08 03:24:34,-40.8135,-62.9967,46.49,28,53,7.83
445,Sorong,ID,2021-08-08 03:24:35,-0.8833,131.25,79.84,81,100,5.21
446,Conselheiro Pena,BR,2021-08-08 03:24:35,-19.1722,-41.4722,64.27,83,100,3.38
447,Luganville,VU,2021-08-08 03:24:36,-15.5333,167.1667,78.19,82,100,11.63
448,Oksfjord,NO,2021-08-08 03:24:36,70.2396,22.3479,65.32,57,89,9.78
449,Southbridge,US,2021-08-08 03:24:37,42.0751,-72.0334,74.84,85,100,6.4
450,Breytovo,RU,2021-08-08 03:24:37,58.2993,37.8617,62.1,94,100,9.08
451,Vengerovo,RU,2021-08-08 03:24:37,55.6848,76.7471,68.27,75,100,8.25
452,Aykhal,RU,2021-08-08 03:24:38,66.0,111.5,51.44,94,100,6.76
453,Vodnyy,RU,2021-08-08 03:24:39,63.5046,53.4095,49.6,80,11,7.99
454,Birjand,IR,2021-08-08 03:24:39,32.8663,59.2211,70.27,21,0,4.61
455,Vanimo,PG,2021-08-08 03:24:39,-2.6741,141.3028,84.49,67,61,7.4
456,Wadi Maliz,TN,2021-08-08 03:24:40,36.4681,8.5495,76.66,40,71,2.73
457,Paamiut,GL,2021-08-08 03:24:41,61.994,-49.6678,40.8,91,100,3.11
458,Chontalpa,MX,2021-08-08 03:24:41,17.7,-93.5167,77.79,87,94,5.44
459,Aginskoye,RU,2021-08-08 03:24:41,51.1,114.53,69.13,66,59,10.04
460,Margate,GB,2021-08-08 03:24:42,51.3813,1.3862,58.3,83,18,1.99
461,Yozgat,TR,2021-08-08 03:24:42,39.5833,35.3333,61.0,75,97,3.74
462,Pembroke,CA,2021-08-08 03:19:48,45.8168,-77.1162,68.18,80,16,3.89
463,Hualmay,PE,2021-08-08 03:24:43,-11.0964,-77.6139,62.58,85,39,11.14
464,Hammerfest,NO,2021-08-08 03:24:43,70.6634,23.6821,64.85,52,80,4.61
465,Meulaboh,ID,2021-08-08 03:24:44,4.1363,96.1285,83.73,68,83,2.8
466,Bozuyuk,TR,2021-08-08 03:24:44,39.9078,30.0367,64.69,91,92,6.02
467,Carauari,BR,2021-08-08 03:23:57,-4.8828,-66.8958,75.54,71,2,3.24
468,Peniche,PT,2021-08-08 03:24:45,39.3558,-9.3811,63.88,88,15,17.54
469,Brigantine,US,2021-08-08 03:21:52,39.4101,-74.3646,72.0,92,90,3.44
470,Newport,GB,2021-08-08 03:24:46,51.5877,-2.9984,60.76,92,96,19.1
471,Sarkand,KZ,2021-08-08 03:24:46,45.41,79.9186,81.57,20,0,5.82
472,Yablonovo,RU,2021-08-08 03:24:47,50.8523,37.3574,66.06,37,100,5.68
473,Kano,NG,2021-08-08 03:21:20,12.0001,8.5167,69.69,94,75,8.05
474,Dolores,AR,2021-08-08 03:24:47,-36.3132,-57.6792,51.19,66,100,11.43
475,Bastrop,US,2021-08-08 03:24:48,32.7562,-91.8724,80.28,84,62,5.77
476,Ancud,CL,2021-08-08 03:24:48,-41.8697,-73.8203,43.23,89,10,5.08
477,Qinhuangdao,CN,2021-08-08 03:24:49,39.9317,119.5883,82.78,67,3,4.0
478,Pervomayskoye,RU,2021-08-08 03:24:49,43.919,46.7102,78.89,65,52,5.3
479,Cap Malheureux,MU,2021-08-08 03:24:49,-19.9842,57.6142,67.46,88,68,1.99
480,Yulara,AU,2021-08-08 03:24:50,-25.2406,130.9889,64.24,22,0,9.22
481,Marakkanam,IN,2021-08-08 03:24:50,12.2,79.95,86.74,64,80,8.08
482,Howard Springs,AU,2021-08-08 03:24:51,-12.497,131.047,86.83,35,20,7.05
483,Boende,CD,2021-08-08 03:24:51,-0.2167,20.8667,69.08,96,98,2.21
484,Leo,BF,2021-08-08 03:24:52,11.1,-2.1,72.88,91,99,8.84
485,Longhua,CN,2021-08-08 03:24:52,23.6137,114.1919,90.5,68,70,3.13
486,Maniitsoq,GL,2021-08-08 03:24:52,65.4167,-52.9,41.18,92,100,5.14
487,Olga,RU,2021-08-08 03:24:53,43.7444,135.2892,72.46,70,87,13.8
488,Coquimbo,CL,2021-08-08 03:24:53,-29.9533,-71.3436,51.53,100,90,4.61
489,Turukhansk,RU,2021-08-08 03:24:54,65.8167,87.9833,72.27,53,78,3.24
490,Dergachi,RU,2021-08-08 03:24:54,51.2328,48.7659,73.24,30,98,7.52
491,Greenville,US,2021-08-08 03:23:09,35.6127,-77.3663,73.81,99,1,3.44
492,Megion,RU,2021-08-08 03:24:55,61.0296,76.1136,68.02,64,4,4.59
493,Solnechnyy,RU,2021-08-08 03:24:55,50.7214,136.6319,48.38,99,100,7.45
494,Listowel,IE,2021-08-08 03:24:56,52.4464,-9.485,56.91,89,89,17.76
495,Norman Wells,CA,2021-08-08 03:24:56,65.282,-126.8329,50.04,66,75,11.5
496,San Miguel,SV,2021-08-08 03:24:57,13.4833,-88.1833,71.26,100,75,1.97
497,Jimenez,MX,2021-08-08 03:24:57,28.3333,-105.4,84.94,39,69,8.05
498,Maturin,VE,2021-08-08 03:24:57,9.75,-63.1767,73.09,96,74,5.17
499,Leningradskiy,RU,2021-08-08 03:24:58,69.3833,178.4167,38.8,77,47,14.92
500,Norrtalje,SE,2021-08-08 03:24:58,59.758,18.705,58.01,92,100,10.09
501,Jacareacanga,BR,2021-08-08 03:24:59,-6.2222,-57.7528,74.62,46,18,0.63
502,Baturaja,ID,2021-08-08 03:24:59,-4.1333,104.1667,87.31,62,12,4.47
503,Pascagoula,US,2021-08-08 03:25:00,30.3658,-88.5561,81.23,97,1,0.0
504,Whitecourt,CA,2021-08-08 03:25:00,54.1502,-115.6855,52.84,87,75,8.05
505,Ardesen,TR,2021-08-08 03:25:01,41.1911,40.9875,71.56,76,23,5.01
506,Nacala,MZ,2021-08-08 03:25:01,-14.5428,40.6728,64.45,94,0,6.29
507,Oria,ES,2021-08-08 03:25:01,43.2554,-2.0187,63.52,79,27,1.01
508,Mata,PT,2021-08-08 03:25:02,40.683,-7.4592,48.76,91,1,1.81
509,Beloha,MG,2021-08-08 03:25:02,-25.1667,45.05,60.35,95,0,4.43
510,Lucapa,AO,2021-08-08 03:25:03,-8.4192,20.7447,64.08,19,100,3.02
511,Bartica,GY,2021-08-08 03:25:03,6.4,-58.6167,73.72,98,100,1.77
512,Awbari,LY,2021-08-08 03:25:04,26.5921,12.7805,85.24,11,0,5.37
513,Tiarei,PF,2021-08-08 03:25:04,-17.5333,-149.3333,80.62,77,39,7.83
514,Tadine,NC,2021-08-08 03:25:04,-21.55,167.8833,71.47,59,100,7.16
515,Geraldton,AU,2021-08-08 03:25:05,-28.7667,114.6,68.41,88,40,17.27
516,Oum Hadjer,TD,2021-08-08 03:25:05,13.2954,19.6966,77.67,76,90,7.38
517,Amapa,BR,2021-08-08 03:25:06,1.0,-52.0,73.18,89,40,4.03
518,Saint-Francois,FR,2021-08-08 03:25:07,46.4154,3.9054,58.44,77,0,4.61
519,Vrangel,RU,2021-08-08 03:25:08,42.7297,133.0839,73.8,81,67,9.15
